{
  "CONSTRUCTOR": {
    "CREATE_CONTENT_TYPE": {
      "CHOOSE_IMAGE": "Choisissez l'image",
      "FIELD_TYPE": "Type de champ",
      "CHOOSE_DATE": "Choisissez la date",
      "SECTION_HEADER": "Créer un nouveau type de contenu",
      "NUMBER": "Nombre",
      "DEFAULT_VALUE": "Valeur par défaut",
      "FIELDS": "Des champs",
      "LIST": "Liste visible",
      "DATE": "Date",
      "MULTILANG": "Multi langues",
      "IMAGE": "Image",
      "STRING": "Chaîne de caractères",
      "TITLE": "Créer un nouveau type de contenu",
      "TITLE_TEXT": "Vous pouvez créer un nouveau type de contenu",
      "NO_MORE_FIVE_FIELD_TYPE": "Pas plus de 5 champs de chaque type",
      "FIELD_NAME": "Nom de domaine",
      "CONTENT_TITLE": "Titre du contenu",
      "ORDER": "Numéro de commande",
      "TEXT": "Texte",
      "ADD_FIELD": "Ajouter le champ",
      "CONTENT_NAME": "Nom du contenu",
      "LOGICAL": "Logique"
    },
    "LAYOUTS_COMPONENT_SIDE": {
      "ADMOB_SETTINGS": "AdMob",
      "PAGE_BACKGROUND": "Paramètres d'arrière-plan",
      "PAGES": "pages",
      "PAGE_COMPONENTS": "Éléments sur la page",
      "PAGE_BACKGROUND_IMAGE": "Image de fond",
      "PAGE_SETTINGS_TEXT": "Contexte, admob, actions, etc.",
      "START_PAGE_ANIMATION_COLOR": "Couleur, utilisée dans l'animation",
      "START_PAGE_ANIMATION_CUSTOM": "Personnalisé",
      "START_PAGE_ANIMATION_CUSTOM_TEXT": "Une animation personnalisée sera utilisée (si ajoutée)",
      "NOT_USE_BACKGROUND_IMAGE": "Sans image de fond",
      "PAGE_BLANK": "Page blanche",
      "ADD_COLOR": "Ajouter la couleur de l'utilisateur",
      "PAGE_DELETE_CONFIRM": "Supprimer la page",
      "START_PAGE_TIMEOUT": "Timeout avant redirection (en sec.)",
      "SECTION_HEADER": "Panneau latéral gauche avec pages et composants",
      "USE_DEFAULT_BACKGROUND_IMAGE": "Utiliser l'image par défaut",
      "START_PAGE_ANIMATION": "Chargement de l'animation",
      "PAGE_PADDING": "Remplissage de page",
      "PAGE_SETTINGS": "Paramètres de la page",
      "CUSTOM_BACKGROUND_IMAGE": "Utiliser une image personnalisée",
      "START_PAGE_SETTINGS_TEXT": "Paramètres pour l'animation, l'heure d'au revoir et la page suivante",
      "START_PAGE_NEXT": "Rediriger vers la page",
      "TITLE_TEXT": "Éléments à votre demande",
      "PAGE_HEADER": "Entête",
      "START_PAGE_SETTINGS": "Paramètres de la page de démarrage",
      "ADMOB_TEXT": "Sélectionnez le type d'annonce à afficher sur cette page",
      "SCALE": "Escalader",
      "VARIABLES_HELP": "Aide aux variables",
      "PAGE_BACKGROUND_IMAGE_TEXT": "Paramètres de l'image d'arrière-plan pour cette page",
      "ADD_PAGE_TEXT": "Ajouter une page à l'application",
      "TITLE": "Pages et composant",
      "PAGE_NAME": "Nom de la page",
      "PAGES_TEXT": "Pages qui hébergent des composants",
      "PAGE_DELETE_CONFIRM_TEXT": "Cette action ne peut pas être annulée !"
    },
    "FIREBASE_SETTINGS": {
      "SECTION_HEADER": "Paramètres Firebase",
      "TITLE_TEXT": "Vous pouvez modifier les paramètres de Firebase",
      "DISABLED": "Désactivé",
      "ENABLED": "Autorisé",
      "TITLE": "Paramètres Firebase",
      "USE": "Utiliser"
    },
    "APPLICATIONS_USERS": {
      "SEARCH": "Rechercher",
      "ACTIVE": "actif",
      "DELETE_SELECTED": "Supprimer sélectionnée",
      "ENTER_MAIL": "Entrez l'e-mail",
      "ADD_NEW": "Ajouter un nouvel utilisateur",
      "ERROR_FIELD": "Données erronées !",
      "ALL": "Tous",
      "MAIL": "E-mail",
      "TITLE": "Utilisateurs d'applications",
      "STATUS": "Statut",
      "DELETING_PROCESS": "Suppression en cours",
      "ENTER_NAME": "Entrez le nom",
      "SECTION_HEADER": "Page de liste des utilisateurs de l'application",
      "BLOCKED": "Bloqué",
      "EDIT_USER": "Modifier l'utilisateur",
      "DELETE_USER": "Supprimer l'utilisateur",
      "ACTIONS": "Actions",
      "SELECTED_COUNT": "Nombre d'enregistrements sélectionnés",
      "DELETE_SELECTED_USERS": "Voulez-vous vraiment supprimer définitivement les utilisateurs sélectionnés ?",
      "LASTNAME": "Nom de famille",
      "ENTER_LASTNAME": "Entrer le nom de famille",
      "FILTER_BY_STATUS": "Filtrer par statut",
      "NEW_USER": "Ajouter un utilisateur",
      "PHONE": "Téléphoner",
      "LAST_DATE": "Dernier rendez-vous",
      "DELETE_USERS": "Supprimer des utilisateurs",
      "NAME": "Nom",
      "AVATAR": "Avatar",
      "DELETE_SELECTED_USER": "Êtes-vous sûr de supprimer définitivement cet utilisateur ?",
      "ENTER_PHONE": "Entrez le téléphone"
    },
    "APP_SETTINGS": {
      "PLATFORMS": "Plateformes",
      "BOTH": "Tous les deux",
      "NAME": "Nom",
      "LANDSCAPE": "Paysage",
      "DESCRIPTION": "La description",
      "BUNDLE_ID": "ID de groupe",
      "VERSION": "Version",
      "SCREEN_MODE": "Mode écran",
      "PLATFORM_REQUIRED": "Une ou plusieurs plateformes requises",
      "TITLE": "Modifier les paramètres de l'application",
      "PORTRAIT": "Portrait",
      "TITLE_TEXT": "Vous pouvez modifier les paramètres de l'application",
      "SECTION_HEADER": "Paramètres de l'application"
    },
    "FONTS": {
      "CURRENT_APP_FONT": "Police de l'application actuelle",
      "SECTION_HEADER": "Sélection de la police de l'application",
      "TITLE": "Sélection de la police de l'application",
      "TITLE_TEXT": "Vous pouvez changer la police de l'application",
      "ADD_CUSTOM_FONT": "Ajoutez votre police",
      "CHOOSE_FONT": "Choisissez une police"
    },
    "SPCONTENT": {
      "PRODUCT_TYPE": "Taper",
      "PRODUCT_ID": "identifiant du produit",
      "TITLE": "Abonnements et produits",
      "SAVE_FILL_REQUIERED": "Vérifier le remplissage de tous les champs dans toutes les langues",
      "PRODUCT_ENABLED": "actif",
      "ADD_PRODUCT": "Ajouter un nouveau produit ou un abonnement",
      "PRODUCT_TITLE": "Modifier un produit ou un abonnement",
      "TITLE_TEXT": "Abonnement et contenu payant",
      "SECTION_HEADER": "Abonnements et page de contenu payant",
      "EDIT_PRODUCT": "Modifier un produit ou un abonnement",
      "PRODUCT_CODE": "ID dans les magasins",
      "PRODUCT_DESCRIPTION": "Brève description",
      "PRODUCT_TITLE_TEXT": "Modifier l'abonnement ou les options de produit",
      "PRODUCT_NAME": "Nom",
      "PRODUCT_DISABLED": "Désactivé",
      "NO_ITEMS": "Pas d'abonnements et de produits"
    },
    "DASHBOARD": {
      "APP_NOT_ACTIVE": "L'application n'est pas active",
      "NEWS_FEED": "Nouvelles et Evènements",
      "SIZE": "Taille",
      "DEVICES": "Dispositifs",
      "CUSTOMERS_NEW": "Utilisateurs aujourd'hui",
      "ADD_DISK": "Augmenter l'espace",
      "CUSTOMERS_TOTAL": "Nombre total d'utilisateurs",
      "DEMO": "Les données de démonstration sont maintenant affichées. Les données pertinentes seront affichées après 5 installations de l'application.",
      "SECTION_HEADER": "Tableau de bord constructeur",
      "INSTALLS_NEW": "S'installe aujourd'hui",
      "TITLE": "Tableau de bord",
      "INSTALLS_BY_DATES": "Installations au cours des 30 derniers jours",
      "INSTALLS_TOTAL": "Nombre total d'installations",
      "TARIF_LINK": "mettre à jour votre tarif",
      "SIZE_NOTE": "Les informations sur l'espace disque occupé par l'application sont mises à jour une fois par jour.",
      "APP_BLOCKED": "Application bloquée"
    },
    "LANGUAGES": {
      "SECTION_HEADER": "Page des langues d'application",
      "TITLE_TEXT": "Multilangues dans votre application",
      "LANGUAGE_CODE_HELP": "lettres az et lettres 0-9 uniquement, 2 lettres uniquement",
      "LANGUAGE_DUPLICATES": "Codes en double trouvés !",
      "ADD_LANGUAGE": "Ajouter une langue",
      "LANGUAGE_EMPTY": "La liste des langues ne peut pas être vide ! Au moins une langue doit être active !",
      "LANGUAGE_NAME_HELP": "az, lettres AZ et lettres 0-9 uniquement",
      "IS_DEFAULT": "Langage par défaut",
      "LANGUAGE_NAME": "Nom de la langue",
      "TITLE": "Langues des applications",
      "NOT_ACTIVE": "Désactivé",
      "LANGUAGE_CODE": "Code langue",
      "ACTIVE": "Autorisé",
      "DEFAULT_LANGUAGE_NOT_ACTIVE": "La langue par défaut doit être active !"
    },
    "CUSTOM_START_ANIMATION": {
      "TITLE_TEXT": "Vous pouvez personnaliser l'animation de démarrage",
      "SECTION_HEADER": "Démarrer l'animation (personnalisée)",
      "TITLE": "Démarrer l'animation (personnalisée)"
    },
    "MENU": {
      "CONTENT_TYPE_LIST": "Liste des types de contenu",
      "EDITOR_CSS": "Éditeur CSS",
      "BUILD": "Créer et publier",
      "ADVANCED_SETTINGS": "Réglages avancés",
      "COLORS": "l'image de marque",
      "BACKGROUND": "Image de fond",
      "TRIAL_PERIOD_TEXT": "Période d'essai utilisée.",
      "LANGUAGE_SECTION": "Langues",
      "NEWS": "Nouvelles",
      "APP_MENU": "Menu latéral de l'application",
      "SERVICES_API": "API des services",
      "MIXPANEL_SETTINGS": "Paramètres MixPanel",
      "HEADERS": "En-têtes et pieds de page",
      "CUSTOM_CODE": "Low-Code",
      "HEADER_SETTINGS": "En-tête par défaut",
      "ADMOB": "Paramètres AdMob",
      "DASHBOARD": "Tableau de bord",
      "ONESIGNAL_SETTINGS": "Paramètres OneSignal",
      "FOOTER_SETTINGS": "Pied de page par défaut",
      "CUSTOM_START_ANIMATION": "Démarrer l'animation (personnalisée)",
      "COTENT_SECTION": "Contenu",
      "LANGUAGES": "Langues",
      "TRANSLATIONS": "Traductions",
      "SPCONTENT": "Articles numériques et abonnements",
      "HEADERS_TEXT": "Composants d'en-tête et de pied de page",
      "ADD_NEW_CONTENT": "Ajouter du nouveau contenu",
      "SETTINGS": "Réglages",
      "COLLECTIONS": "Collections",
      "SYSTEM_SECTION": "Paramètres de l'application",
      "TRIAL_PERIOD": "Période d'essai",
      "PAGES": "pages",
      "FIREBASE_SETTINGS": "Paramètres Firebase",
      "MONETIZATION_SECTION": "Monétisation"
    },
    "BUILD": {
      "SUCCESSFULLY_ENQUEUED": "Tâches mises en file d'attente avec succès",
      "ANDROID_APK": "Générer l'APK",
      "TITLE": "Publications et Sources",
      "GENERATE_ANDROID_AAB": "Génération signée AAB",
      "IOS_IPA": "Générer une IPA",
      "ANDROID_AAB": "Générer AAB",
      "IN_QUEUE": "Dans la queue...",
      "END_DATE": "Finir",
      "RUNNING": "Bâtiment",
      "QUEUE_EMPTY": "Vous n'avez pas encore créé de tâches. Mais nous sommes convaincus que cela arrivera bientôt.",
      "TITLE_TEXT": "Vous pouvez publier l'application ou télécharger les sources",
      "GENERATE_ANDROID_APK": "APK de débogage de génération",
      "ANDROID_SOURCES": "Générer des ressources",
      "GENERATE_WWW": "Fichiers WWW de génération",
      "IOS_SOURCES": "Générer des ressources",
      "DONE": "Terminé",
      "START_DATE": "Démarrer",
      "BUILDING_HISTORY": "Historique des opérations",
      "GENERATE_IOS_SOURCES": "Sources IOS de génération",
      "DOWNLOAD": "Télécharger",
      "DOWNLOAD_LOG": "Télécharger le fichier journal",
      "GENERATE_ANDROID_SOURCES": "Génération de sources Android",
      "SECTION_HEADER": "Page de génération d'applications"
    },
    "EDIT_SPLASHSCREEN": {
      "SECTION_HEADER": "Modifier l'écran de démarrage de l'application",
      "TIMEOUT": "Temps libre",
      "SPLASHSCREEN_COMMENT": "Format d'image png avec une résolution de 2732 par 2732",
      "SPLASHSCREEN": "Écran de démarrage de l'application",
      "TITLE": "Modifier l'écran de démarrage de l'application",
      "TITLE_TEXT": "Vous pouvez modifier l'écran de démarrage de l'application",
      "SHOW_SPINNER": "Afficher le compteur",
      "COLOR_SPINNER": "Couleur de la roulette",
      "BAD_PNG": "Mauvaise image"
    },
    "PUSH_MESSAGES": {
      "NO_MESSAGES": "Pas de messages",
      "TITLE_TEXT": "Historique des messages push",
      "MESSAGE_SUCCESSFUL": "Réussi",
      "MESSAGE_COMPLETED_AT": "Terminé à",
      "MESSAGE_RECEIVED": "A reçu",
      "PENDING": "En attente",
      "ADD_MESSAGE_FORM": {
        "MESSAGE": "Un message",
        "SPECIFIC_TIME": "Temps spécifique",
        "IMAGE_URL": "URL de l'image",
        "TITLE": "Nouveau message push",
        "WHEN_SEND": "Quand ce message doit-il commencer à être envoyé ?",
        "LARGE_TEXT": "Texte intégral",
        "MESSAGE_TITLE": "Titre",
        "IMMEDIATELY": "Immédiatement"
      },
      "SECTION_HEADER": "Messages push",
      "TOPICS_TITLE": "Modifier les sujets",
      "COLUMN_DATE": "Date",
      "MESSAGE_APP_ID": "ID d'application",
      "COLUMN_MESSAGE": "Un message",
      "COLUMN_STATUS": "Statut",
      "ONE_SIGNAL_OFF": "Pour utiliser les messages PUSH, connectez et configurez le service OneSignal.",
      "MESSAGE_ERRORED": "Non livré en raison d'une erreur.",
      "MESSAGE_TITLES": "Titres",
      "MESSAGE_TEXT": "Texte du message",
      "COLUMN_DETAILS": "Des détails",
      "TOPICS": "Les sujets",
      "MESSAGE_DETAILS": "Informations complètes sur le message",
      "MESSAGE_CREATED_AT": "Créé à",
      "MESSAGE_RESULTS": "Résultats",
      "MESSAGES_LIST": "Liste des messages",
      "MESSAGE_SEND_AFTER": "Envoyer après",
      "MESSAGE_ID": "ID du message",
      "TITLE": "messages",
      "MESSAGE_CONVERTED": "Converti",
      "MESSAGE_PLATFORMS": "Plateformes",
      "MESSAGES_ADD_NEW": "Nouveau message push",
      "SENT": "Envoyé",
      "GO_TO_CONFIGURATION": "Aller à la configuration",
      "MESSAGE_FAILED": "Non livré car abonnement manquant",
      "MESSAGE_DATES": "Date"
    },
    "COLLECTION_EDIT": {
      "ADD_FIELD": "Ajouter le champ",
      "IMAGE": "Image",
      "FIELD_TYPE": "Type de champ",
      "NUMBER": "Nombre",
      "COLLECTION_NAME": "Nom de la collection",
      "DATE_TIME": "Date et l'heure",
      "TITLE": "Modifier la collection",
      "FILE": "Fichier",
      "REQUIRED": "Obligatoire",
      "LOGICAL": "Logique",
      "SECTION_HEADER": "Modifier la collection",
      "TITLE_TEXT": "Vous pouvez changer de collection",
      "FIELD_NAME": "Nom de domaine",
      "ORDER": "Commande",
      "DATE": "Date",
      "EMAILS": "E-mails",
      "STRING": "Texte",
      "FIELDS": "Des champs"
    },
    "RECORDS_LIST": {
      "EDIT_RECORD": "Modifier l'enregistrement",
      "SECTION_HEADER": "Liste des enregistrements",
      "TITLE": "Liste des enregistrements",
      "TITLE_TEXT": "Liste des enregistrements"
    },
    "COLLECTIONS_LIST": {
      "EDIT_COLLECTION": "Modifier la collection",
      "TITLE_TEXT": "Liste de collecte",
      "VIEW_RECORDS": "Afficher les enregistrements",
      "COLUMN_NAME": "Nom de la collection",
      "COLUMN_RECORDS_COUNT": "Nombre d'enregistrements",
      "TITLE": "Liste de collecte",
      "SECTION_HEADER": "Liste de collecte"
    },
    "COLORS": {
      "SECTION_HEADER": "Paramètres de couleur",
      "ADDITIONAL_COLORS": "Couleur des éléments auxiliaires",
      "TOOLS_FROM_MAIN_COLORS": "Générer des couleurs étagées à partir de la couleur de premier plan et de la couleur d'arrière-plan",
      "COLOR_NAME_INFO": "Bouton positif, fond de caractère, bouton de déconnexion, etc.",
      "USER_COLORS": "Couleurs utilisateur",
      "MAIN_COLORS_INSTRUCTION": "Choisissez une couleur d'arrière-plan et une couleur de texte. Les couleurs sélectionnées seront reflétées dans la boîte de démonstration ci-dessus.",
      "COLOR_SETTINGS": "Paramètres des couleurs utilisées dans l'application :",
      "CREATE_COLORS": "Générer des couleurs",
      "SAVE_TO_STORE": "Paramètres appliqués après l'enregistrement",
      "COLOR_NAME": "Nom de la couleur",
      "SYSTEM_COLORS_TEXT": "Couleurs utilisées dans les dialogues, les questions, les avertissements, etc.",
      "TITLE_TEXT": "Palette de couleurs des applications",
      "TITLE": "Couleurs de la marque",
      "REBUILD_AFTER_SAVE": "Vous devez republier l'application pour que les modifications prennent effet.",
      "USER_COLORS_TEXT": "Couleurs attribuées par l'utilisateur pour une utilisation dans l'application",
      "TOOLS_HEADER": "Outils",
      "USER_COLORS_EMPTY": "Vous n'avez pas encore ajouté de couleurs.",
      "COLOR_ADD": "Ajouter une nouvelle couleur",
      "MAIN_COLORS_NOTIFICATION": "Après avoir enregistré vos modifications, n'oubliez pas de modifier les couleurs des éléments de construction.",
      "TOOLS_TEXT": "Nous avons préparé plusieurs outils pour vous faciliter la personnalisation de la palette.",
      "TOOLS_FROM_CUSTOM_COLORS": "Générer des couleurs étagées à partir de couleurs personnalisées",
      "MAIN_COLORS": "Couleur de fond et de texte",
      "FORE_COLOR": "Choisissez la couleur du texte",
      "ADDITIONAL_COLORS_TEXT": "Couleurs système supplémentaires pouvant être utilisées dans l'application",
      "MAIN_COLORS_TEXT": "Vous pouvez changer la couleur du texte et la couleur d'arrière-plan",
      "BG_COLOR": "Choisissez la couleur de fond",
      "SYSTEM_COLORS": "Couleurs du système"
    },
    "NEWS": {
      "TITLE": "Nouvelles et Evènements",
      "READ_MORE": "Lire la suite...",
      "TITLE_TEXT": "Actualités et événements sur votre plateforme"
    },
    "EDIT_PRIVACY": {
      "PRIVACY_TEXT": "Texte de confidentialité",
      "USE_DEFAULT_PRIVACY": "Utiliser le texte de confidentialité par défaut",
      "TITLE_TEXT": "Vous pouvez modifier les paramètres de confidentialité",
      "LINK": "Lien",
      "COPY_LINK": "Lien enregistré dans le presse-papiers",
      "TITLE": "Paramètres de confidentialité",
      "SECTION_HEADER": "Paramètres de confidentialité"
    },
    "EDIT_ICON": {
      "TITLE_TEXT": "Vous pouvez changer l'icône de l'application",
      "TITLE": "Modifier l'icône de l'application",
      "ICON_COMMENT": "Format d'image png avec une résolution de 1024 par 1024",
      "SECTION_HEADER": "Modifier l'icône de l'application",
      "BAD_PNG": "Mauvaise icône",
      "ICON": "Icône de l'application"
    },
    "CONTENT_DIALOG": {
      "TITLE": "Sélectionnez le contenu",
      "CONTENT_TYPES_LIST": "Liste des types de contenu",
      "CONTENT_LIST": "Liste de contenu",
      "SECTION_HEADER": "Boîte de dialogue Liste de contenu",
      "NO_CONTENT": "Pas de contenu"
    },
    "ONE_SIGNAL_SETTINGS": {
      "SECTION_HEADER": "Paramètres OneSignal",
      "TITLE_TEXT": "Vous pouvez modifier les paramètres OneSignal",
      "DISABLED": "Désactivé",
      "ENABLED": "Autorisé",
      "PUSH_SERVICE_ENABLED": "Service Push OneSignal activé",
      "TITLE": "Paramètres OneSignal"
    },
    "VISIBILITY_DIALOG": {
      "SECTION_HEADER": "Boîte de dialogue de saisie des conditions de visibilité",
      "TITLE": "Spécifier les conditions de visibilité"
    },
    "TRANSLATIONS": {
      "TITLE_TEXT": "Vous pouvez traduire toutes les données dans n'importe quelle langue",
      "TITLE": "Traductions",
      "PHRASE": "CODE",
      "SECTION_HEADER": "Traductions",
      "TITLE_TEXT_FULL": "Toutes les modifications s'appliquent automatiquement après le redémarrage de l'application",
      "ADD_PHRASE": "Ajouter un nouvel élément"
    },
    "APP_MENU": {
      "ICON": "Icône",
      "LIST_EMPTY": "Le menu est vide, cliquez sur Ajouter pour créer un nouvel élément",
      "TITLE_TEXT_FULL": "Toutes les modifications s'appliquent automatiquement après le redémarrage de l'application",
      "TITLE_TEXT": "Vous pouvez changer le menu de gauche dans votre application",
      "NAVIGATE": "Naviguer vers la page",
      "TITLE": "Menu latéral dans l'application",
      "SECTION_HEADER": "Menu latéral dans l'application",
      "ICON_CHANGE": "Modifier l'icône",
      "ACTION": "action",
      "ADD": "Ajouter un nouvel élément"
    },
    "CONTENT_LIST": {
      "ADD_CONTENT": "Ajouter du matériel",
      "OPEN_CONTENT": "Ouvrir",
      "SECTION_HEADER": "Liste de contenu",
      "CONTENT_LIST": "Liste de matériel",
      "TITLE": "Liste de contenu",
      "NO_MATCH_FOUND": "Pas de résultat trouvé",
      "NO_CONTENT": "Pas de contenu",
      "ARE_YOU_SURE": "Êtes-vous sûr",
      "DELETE_CONTENT": "Supprimer"
    },
    "COLOR_DIALOG": {
      "SECTION_HEADER": "Boîte de dialogue de couleur modale",
      "TITLE": "Choisissez la couleur"
    },
    "CONTENT_EDIT": {
      "ADD_TITLE": "Créer un nouveau contenu",
      "CHOOSE_DATE": "Choisissez la date",
      "ADD_TITLE_TEXT": "Vous pouvez créer de nouveaux contenus",
      "SECTION_HEADER": "Modifier et créer du contenu",
      "EDIT_TITLE": "Modifier le contenu",
      "EDIT_TITLE_TEXT": "Vous pouvez modifier le contenu"
    },
    "MIX_PANEL_SETTINGS": {
      "TITLE": "Paramètres MixPanel",
      "ENABLED": "Autorisé",
      "MIX_PANEL_ENABLED": "MixPanel activé",
      "DISABLED": "Désactivé",
      "SECTION_HEADER": "Paramètres MixPanel",
      "TITLE_TEXT": "Vous pouvez modifier les paramètres MixPanel"
    },
    "EDIT_CONTENT_TYPE": {
      "SECTION_HEADER": "Modifier le type de contenu",
      "TITLE_TEXT": "Vous pouvez modifier le type de contenu",
      "TITLE": "Modifier le type de contenu"
    },
    "STRING_DIALOG": {
      "TITLE": "Saisir des chaînes",
      "SECTION_HEADER": "Boîte de dialogue de saisie de chaîne"
    },
    "SETTINGS": {
      "PRIVACY": "Confidentialité des applications pour Google Play et Apple Store",
      "ICON_EDIT": "Icône",
      "SPLASHSCREEN_EDIT": "Écran de démarrage",
      "APP_SETTINGS": "Paramètres de l'application",
      "SETTINGS": "Réglages",
      "TITLE": "Réglages",
      "SECTION_HEADER": "Réglages"
    },
    "TEXT_DIALOG": {
      "SECTION_HEADER": "Boîte de dialogue de saisie de texte",
      "TITLE": "Saisir des textes"
    },
    "BACKGROUND": {
      "SECTION_HEADER": "Paramètres de la page d'arrière-plan de l'application",
      "NO_IMAGE": "Image d'arrière-plan non définie",
      "IMAGE_MODE_HELPER": "Saisissez la valeur manuellement ou sélectionnez-la dans la liste",
      "TITLE": "Arrière-plan dans l'application",
      "IMAGE_SIZE": "Taille de l'image d'arrière-plan",
      "IMAGE_MODE": "Mode image d'arrière-plan",
      "TITLE_TEXT": "Vous pouvez configurer l'image d'arrière-plan pour toutes les pages de l'application"
    },
    "EDITOR_CSS": {
      "SECTION_HEADER": "Éditeur CSS",
      "TITLE_TEXT": "Vous pouvez modifier les paramètres CSS",
      "TITLE": "Éditeur CSS"
    },
    "CONTENT_TYPE_LIST": {
      "ADD_CONTENT_TYPE": "Ajouter un nouveau type de contenu",
      "NO_CONTENT_TYPES": "Les types de contenu sont manquants",
      "SECTION_HEADER": "Liste des types de contenu",
      "TITLE": "Liste des types de contenu",
      "DELETE_CONFIRM": "Voulez-vous vraiment supprimer ce type ?"
    },
    "CUSTOM_FONT": {
      "FONT_FAMILY_NAME": "Nom de famille de la police",
      "TITLE": "Charger une police personnalisée",
      "SECTION_HEADER": "Charger une police personnalisée",
      "TITLE_TEXT": "Vous pouvez télécharger votre police"
    },
    "RECORD_EDIT": {
      "SECTION_HEADER": "Modifier l'enregistrement",
      "TITLE_TEXT": "Vous pouvez modifier l'enregistrement",
      "CHOOSE_FILE": "Choisir le fichier",
      "CHOOSE_IMAGE": "Choisissez l'image",
      "TITLE": "Modifier l'enregistrement"
    },
    "ADMOB_SETTINGS": {
      "DISABLED": "Désactivé",
      "TITLE_TEXT": "Vous pouvez modifier les paramètres AdMob",
      "TITLE": "Modifier les paramètres AdMob",
      "ENABLE_TITLE": "Activer AdMob",
      "SECTION_HEADER": "Paramètres AdMob",
      "ENABLED": "Autorisé"
    },
    "CUSTOM_CODE": {
      "TITLE_TEXT": "Pour les utilisateurs avancés UNIQUEMENT",
      "PAGES_LIST": "Liste des pages",
      "TITLE": "Code JS et SCSS personnalisé de l'utilisateur",
      "SECTION_HEADER": "Code JS et SCSS personnalisé de l'utilisateur",
      "EMPTY_LIST": "Liste vide"
    }
  },
  "PAGE": {
    "APPLICATIONS_LIST": {
      "APPLICATION_UNBLOCKED_TOAST": "Application débloquée",
      "BLOCKED": "Bloqué",
      "ERROR_REQUEST_TOAST": "Action: échoué",
      "NO_MATCH_FOUND": "Pas de résultat trouvé",
      "OWNER": "Propriétaire",
      "APPLICATION_CONFIRM_UNBLOCKED": "Êtes-vous sûr de vouloir débloquer cette application",
      "APPLICATION_DISABLED_TOAST": "Application désactivée",
      "TITLE": "Applications",
      "APPLICATIONS_LIST": "Liste des candidatures",
      "APPLICATION_ACTIVATED_TOAST": "Application activée",
      "APPLICATION_CONFIRM_DELETED": "Êtes-vous sûr de vouloir supprimer cette application",
      "EDIT": "Éditer",
      "CREATED_DATE": "Date de création",
      "UNBLOCKED": "Débloqué",
      "APPLICATION_DELETED_TOAST": "Candidature supprimée",
      "MANAGERS": "Gestionnaires",
      "APPLICATION_CONFIRM_DISABLED": "Êtes-vous sûr de vouloir désactiver cette application",
      "NO_APPS": "Aucune candidature",
      "APPLICATION_CONFIRM_ACTIVATED": "Êtes-vous sûr de vouloir activer cette application",
      "DISABLE": "Désactiver",
      "TOO_MUCH_APPLICATIONS": "Plus d'applications que le tarif ne le permet",
      "SIZE": "Taille de l'application",
      "ACTIVATE": "Activer",
      "DISK_USAGE": "Utilisation du disque",
      "APPLICATION_CONFIRM_BLOCKED": "Êtes-vous sûr de vouloir bloquer cette application",
      "COPY": "Copie",
      "SECTION_HEADER": "Page de la liste des candidatures",
      "DELETE": "Supprimer",
      "ADD_APP": "Créer une application",
      "APPLICATION_BLOCKED_TOAST": "Application bloquée",
      "APP_COPIED": "Demande copiée"
    },
    "NEWS": {
      "PUBLIC_EDIT": "Article publié",
      "DATE_EDIT": "Date de l'article",
      "TITLE": "Nouvelles et Evènements",
      "DESCRIPTION_EDIT": "Description de l'article",
      "NEWS_LIST_EMPTY": "La liste des actualités est vide",
      "NEWS_EDIT_TEXT": "Modifier la liste des actualités dans la liste des actualités",
      "NEWS_NEW": "Ajouter une actualité",
      "CONFIRM_DELETED": "Voulez-vous vraiment supprimer cet élément ?",
      "TITLE_TEXT": "Gérez les actualités et les événements sur votre plateforme",
      "ITEM_CREATED": "Article ajouté avec succès",
      "NEWS_NEW_TEXT": "Ajouter un élément d'actualité au fil d'actualités de la plate-forme",
      "ITEM_NOT_CREATED": "Article non créé !",
      "SECTION_HEADER": "Actualités des pages",
      "NEWS_ADD_NEW": "Ajouter une nouvelle actualité",
      "NEWS_EDIT": "Modifier l'actualité",
      "ITEM_DELETED": "Article supprimé.",
      "ITEM_URL_EDIT": "Lien URL vers la source",
      "TITLE_EDIT": "Titre de l'article",
      "NEWS_LIST": "Liste des nouvelles et des événements"
    },
    "SETTINGS_ASSETS": {
      "TITLE": "Paramètres de marque",
      "SPINNER_IMAGE": "Image sur roulette",
      "AUTH_BACKGROUND_IMAGE": "Image d'arrière-plan sur la page d'authentification",
      "AUTH_LOGO_IMAGE": "Image du logo sur la page d'authentification",
      "AUTH_BACKGROUND_COLOR": "Couleur de l'arrière plan",
      "YOU_CAN_UPLOAD_NEW_IMAGE": "Ci-dessous, vous pouvez télécharger une nouvelle image",
      "SECTION_HEADER": "Page de marque de la plate-forme",
      "AUTH_TEXT_COLOR": "Couleur de premier plan",
      "LEFT_IMAGE_FORMAT": "Format d'image utilisé : 438x450px, PNG avec canal alfa.",
      "MENU_IMAGE": "Image dans le menu",
      "AUTH_LOGO_IMAGE_FORMAT": "Format d'image utilisé : 200x140px, PNG avec canal alfa.",
      "TITLE_TEXT": "Vous pouvez changer le logo dans le menu, ainsi que les images sur les pages de connexion et d'inscription",
      "LOAD_FAVICON": "Charger favicon.ico",
      "INNER_LOGO_FORMAT": "Format d'image utilisé : 150x80px, PNG avec canal alfa.",
      "SPINNER_IMAGE_FORMAT": "Format d'image utilisé : 150x80px, PNG avec canal alfa.",
      "NOW_USE_THIS_IMAGE": "Cette image est actuellement utilisée.."
    },
    "REGISTRATION": {
      "LASTNAME": "Nom de famille",
      "CONFIRM_CODE": "code à 6 chiffres",
      "NAME": "Nom",
      "CONFIRM_PASSWORD": "Confirmez le mot de passe",
      "RESEND_CODE": "Renvoyer le code",
      "ENTER_EMAIL_CODE_CONFIRM": "Entrez le code de confirmation",
      "EMAIL": "E-mail",
      "PASSWORD": "Mot de passe",
      "RECEIVING_EMAIL": "recevoir des newsletters",
      "SIGN_UP": "S'inscrire",
      "SECTION_HEADER": "Page d'inscription",
      "REGISTRATION_DETAILS_INCORRECT": "Les détails d'enregistrement sont incorrects",
      "RESEND_CODE_IN": "Renvoyer le code dans",
      "REGISTRATION_SUSPENDED": "L'inscription est temporairement suspendue",
      "I_AGREE": "J'accepte le",
      "PASSSWORD_AND_CONFIRM_PASSWORD_NOT_MATCH": "'Mot de passe' et 'Confirmer le mot de passe' ne correspondaient pas.",
      "CODE": "code de confirmation",
      "EMAIL_CONFIRM": "Email de confirmation",
      "ENTER_DETAILS_CREATE_ACCOUNT": "Entrez vos coordonnées pour créer votre compte",
      "SEC": "s",
      "TERMS_AND_CONDITIONS": "termes et conditions"
    },
    "SETTINGS_SMTP": {
      "SMTP_PORT": "Port SMTP",
      "TITLE": "Paramètres SMTP",
      "SMTP_PASSWORD": "Mot de passe SMTP",
      "SMTP_USER": "Nom d'utilisateur SMTP",
      "TITLE_TEXT": "Vous pouvez modifier les paramètres SMTP",
      "SMTP_HOST": "Hôte SMTP",
      "SECTION_HEADER": "Page de gestion des paramètres SMTP"
    },
    "MARKETPLACE": {
      "NEW_UPDATE_AVAILABLE": "Nouvelle mise à jour disponible",
      "PLEASE_WAIT_RELOAD": "Veuillez patienter, la page se rechargera dans quelques secondes.",
      "PLEASE_WAIT": "Veuillez patienter, il est en cours de mise à jour. Ne rechargez pas la page.",
      "OPERATION_SUCCESSFULLY": "Opération terminée avec succès !",
      "TITLE_TEXT": "Mise à jour de la plateforme et gestion des extensions installées",
      "LICENSE_INFORMATION": "Informations sur la licence",
      "SYSTEM_UP_TO_DATE": "Votre plateforme est à jour, aucune mise à jour n'est disponible.",
      "VERIFY_KEY": "Vérifier la licence",
      "ACTIVATE_LICENSE": "Activer la licence",
      "ACTIVATE_YOUR_LICENSE": "Activer cette licence ?",
      "PLATFORM_UPDATE_TEXT": "Mise à jour de la plateforme, vérification de la version actuelle...",
      "LAST_CHECK_DATE": "Date du dernier contrôle",
      "LICENSE_INFORMATION_TEXT": "Informations sur la licence, activation et désactivation",
      "DEACTIVATE_YOUR_LICENSE": "Désactiver cette licence ?",
      "SECTION_HEADER": "Page Mise à jour et modules",
      "REGISTERED_TO": "Client",
      "OPERATION_SUCCESSFULLY_TEXT": "La mise à jour a été installée avec succès. Si la version actuelle n'est pas la plus récente, vous pourrez poursuivre la mise à jour après avoir rechargé la page...",
      "PLATFORM_UPDATE": "Mise à jour de la plateforme",
      "CHECK_NOW": "Vérifie maintenant",
      "ACCOUNT": "Compte",
      "CHANGE_LOG": "Journal des modifications",
      "DEACTIVATE_LICENSE": "Désactiver la licence",
      "CURRENT_VERSION": "Version actuelle",
      "UPDATE_NOW": "Mettez à jour maintenant",
      "PRODUCT_EDITION": "Édition du produit",
      "LICENSE_KEY": "Clé",
      "UPDATE_AVAILABLE": "Mettre à jour la disponibilité",
      "TITLE": "Paramètres SMTP"
    },
    "LANGUAGES": {
      "TITLE": "Langues",
      "SYNC_TO_WEBLATE": "Mettre à jour la langue par défaut dans WEBLATE",
      "LANGUAGE_PUCK_ADDED": "Pack de langue ajouté",
      "ADD_LANGUAGE": "Ajouter une langue",
      "CHOOSE_FLAG_FILE": "Choisissez l'image du drapeau",
      "UPLOAD_LANGUAGE_TEXT_FULL": "Vous pouvez installer un nouveau module linguistique sur la plate-forme en téléchargeant une archive zip pré-construite.",
      "WEBLATE_TEXT": "Vous pouvez utiliser le service WEBLATE pour la traduction",
      "ADD_LANGUAGE_CODE": "Language code (2-digits - en, es, br etc)",
      "ADD_LANGUAGE_TEXT": "Ajouter une nouvelle langue manuellement",
      "OPEN_WEBLATE_SETTINGS": "Modifier les paramètres WEBLATE",
      "SYNC_TO_WEBLATE_TEXT": "Envoyer une langue au service de génération de traductions automatiques",
      "SECTION_HEADER": "Gérer la page des langues",
      "LANGUAGE_PUCK_PROBLEM": "Erreur dans le pack de langue",
      "ORIGINAL_PHRASE": "Original",
      "WEBLATE_ENABLED": "Traduction automatique WEBLATE activée",
      "UPLOAD_LANGUAGE_TEXT": "Télécharger une nouvelle langue .zip sur la plateforme",
      "ADD_LANGUAGE_TEXT_FULL": "Vous pouvez ajouter une nouvelle langue manuellement. Entrez simplement son nom, son code à deux lettres et téléchargez une icône de langue. Ajoutez ensuite les traductions ligne par ligne dans l'éditeur.",
      "ADD_LANGUAGE_NAME": "Nom de la langue (AZ, sans espaces)",
      "UPLOAD_LANGUAGE_BUTTON": "Télécharger la langue",
      "UPLOAD_LANGUAGE": "Télécharger la langue .zip",
      "FILL_REQUIRED_FIELDS": "Remplir le champ obligatoire",
      "DONT_FORGET_SAVE": "N'oubliez pas de sauvegarder vos modifications",
      "SYNC_TO_WEBLATE_TEXT_FULL": "Le service vous permet de créer automatiquement des traductions de l'interface à partir de la langue anglaise. Appuyez simplement sur le bouton et la dernière version de la traduction anglaise sera envoyée au service, et après un court laps de temps, les traductions manquantes dans d'autres langues seront automatiquement générées.",
      "DEFAULT_LANGUAGE_TEXT": "Changer la langue par défaut du système",
      "SETTINGS": "Réglages",
      "WEBLATE_SETTINGS": "Paramètres WEBLATE",
      "DEFAULT_LANGUAGE": "Langage par défaut",
      "TRANSLATED_PHRASE": "Traduire"
    },
    "TARIFS": {
      "TARIF_TO_ARCHIVE": "Archiver",
      "TITLE_TEXT": "Gérez les plans tarifaires de vos clients",
      "EDIT": {
        "ORDER": "Vue de la commande",
        "COST_YEAR": "Prix par an",
        "TARIF_CREATED": "Tarif créé",
        "INCORRECT_VALUE": "Valeur incorrecte",
        "TARIF_UPDATED": "Tarif mis à jour",
        "MAX_BUILD_COUNT": "Nombre maximal de builds",
        "APP_COUNT": "Nombre de candidatures",
        "NAME": "Nom",
        "PLATFORMS": "Plateformes",
        "TARIF_NOT_UPDATED": "Tarif non mis à jour",
        "WHITELABEL": "marque blanche",
        "MANAGERS_COUNT": "Le nombre maximum de managers compte",
        "COST_MONTH": "Prix par mois",
        "DISK_SPACE": "Volume, Go",
        "TARIF_NOT_CREATED": "Tarif non créé",
        "DESCRIPTION": "La description",
        "ACTIVE": "actif",
        "PRESELECTED": "Présélectionné"
      },
      "TARIF_AS_NOT_ACTIVE": "Désactivé",
      "TARIF_LIST": "Liste des tarifs",
      "TARIF_EDIT_TITLE": "Modifier les tarifs",
      "TARIF_AS_ACTIVE": "actif",
      "COLUMN_DISK_SPACE": "Volume, Go",
      "TARIF_DELETE": "Supprimer",
      "COLUMN_PRICE": "Prix par mois / an",
      "TARIF_NOT_ACTIVATED": "Tarif non activé",
      "COLUMN_ORDER": "Commande",
      "TARIF_SELECTED": "Présélectionné",
      "TARIF_DELETED": "Tarif supprimé",
      "TARIF_EDIT": "Éditer",
      "COLUMN_PLATFORMS": "Plateformes",
      "TARIF_NOT_DELETED": "Tarif non supprimé",
      "TITLE": "Plans tarifaires",
      "TARIF_EDIT_TITLE_TEXT": "Modifier le tarif sélectionné",
      "NO_MORE_FIVE_ACTIVE_TARIF": "Vous ne pouvez pas créer plus de 5 tarifs actifs",
      "TARIF_NOT_ARCHIVED": "Tarif non pot à archiver",
      "TARIF_CONFIRM_DELETED": "Êtes-vous sûr de vouloir supprimer ce tarif",
      "TARIF_RESTORE": "Restaurer",
      "ACTIVE_TARIF_TOO_MUCH": "Tarif actif trop",
      "COLUMN_STATUS": "Statut",
      "COLUMN_APP_QTY": "Nombre de candidatures",
      "TARIF_ADD_NEW": "Ajouter un nouveau tarif",
      "COLUMN_NAME": "Nom",
      "TARIF_ADD_NEW_TEXT": "Vous pouvez ajouter un nouveau tarif",
      "SECTION_HEADER": "Page tarifaire"
    },
    "BUILD_QUEUE": {
      "ACTION": "action",
      "DELETE_CHECKED": "Supprimer coché",
      "CLIENT": "Client",
      "STATUS": "Statut",
      "SECTION_HEADER": "File d'attente d'applications pour la construction",
      "NO_RECORDS": "je ne me souviens pas",
      "ENDED": "Terminé",
      "ICON": "Icône",
      "APP": "Application",
      "END_DATE": "Date de fin",
      "RUNNED": "Lancé",
      "START_DATE": "Date de début",
      "NAME": "Nom",
      "TITLE": "File d'attente d'applications pour la construction",
      "TITLE_TEXT": "File d'attente d'applications pour la construction",
      "WAITED": "En attente"
    },
    "USERS": {
      "CUSTOMERS_LIST": "Liste des clients",
      "APPLICATIONS": "applications",
      "MANAGER": "Directeur",
      "SECTION_HEADER": "Page de la liste des clients",
      "SIGNUP_DATE": "Date d'inscription",
      "NO_MATCH_FOUND": "Pas de résultat trouvé",
      "TITLE": "Les clients",
      "TOTAL_TRANSACTIONS": "Transactions totales",
      "NO_USERS": "Aucun utilisateur",
      "DISK_USAGE": "Utilisation du disque",
      "BALANCE": "Équilibre",
      "ACHIEVEMENTS": "Réalisations",
      "RELATED_TO_CUSTOMER": "Relatif au client",
      "TARIF": "Tarif",
      "DISK": "Disque",
      "TITLE_TEXT": "Gérez vos clients",
      "TARIF_USAGE": "Applications sur le tarif",
      "CUSTOMER": "Client"
    },
    "LOGIN": {
      "SECTION_HEADER": "Page de connexion",
      "FORGOT_PASSWORD": "Mot de passe oublié",
      "NEW_HERE": "Nouveau ici?",
      "SIGNUP_BUTTON": "S'inscrire",
      "WELCOME_TEXT": "Bienvenue sur NWICODE",
      "PASSWORD": "Mot de passe",
      "EMAIL": "E-mail",
      "SLOGAN": "Découvrez l'incroyable APP CREATOR<br> avec d'excellents outils de construction",
      "SIGNIN_BUTTON": "S'identifier",
      "FORGOT_PASSWORD?": "Mot de passe oublié ?"
    },
    "CURRENCY": {
      "FILL_REQUIRED_FIELDS": "S'il vous plaît remplir les champs obligatoires",
      "DEFAULT_CURRENCY": "Devise par défaut",
      "SETTINGS": "Réglages généraux",
      "DON,T_FORGET_SAVE": "N'oubliez pas d'enregistrer les modifications.",
      "TITLE": "Monnaie",
      "SECTION_HEADER": "Devise",
      "DEFAULT_CURRENCY_TEXT": "Modifier la devise par défaut du système"
    },
    "SETTINGS_TARIF_TRIAL": {
      "SECTION_HEADER": "Paramètres de la période d'essai",
      "DAYS_COMMENT": "Durée de la période d'essai gratuit de votre plateforme (en jours, 0 pour pas d'essai gratuit)",
      "DAYS": "Journées",
      "TITLE": "Paramètres de la période d'essai",
      "TITLE_TEXT": "Vous pouvez modifier les paramètres de la période d'essai"
    },
    "SETTINGS_USERS_REGISTRATION": {
      "GOOGLE_REGISTRATION": "Activer l'enregistrement Google",
      "TITLE_TEXT": "Vous pouvez modifier la possibilité d'enregistrement de nouveaux utilisateurs",
      "GOOGLE_REGISTRATION_API": "CLÉ API GOOGLE",
      "ENABLE": "Permettre",
      "DISABLE": "Désactiver",
      "TITLE": "Enregistrement des utilisateurs",
      "SECTION_HEADER": "Enregistrement des utilisateurs",
      "USER_REGISTRATION": "Enregistrement des utilisateurs"
    },
    "TRANSLATIONS": {
      "SECTION": "Section",
      "CODE": "Code",
      "EDIT_LANGUAGE_TEXT": "Vous pouvez modifier n'importe quelle traduction",
      "SECTION_HEADER": "Page de gestion des traductions",
      "EDIT_LANGUAGE": "Modifier les traductions",
      "SETTINGS": "Réglages",
      "TRANSLATED_TEXT": "Traduction",
      "TEXT_ENGLISH": "Texte en anglais",
      "DONT_FORGET_SAVE": "N'oubliez pas de sauvegarder vos modifications",
      "LIST_OF_LANGUAGES": "Traductions modifiables",
      "TITLE": "Traductions",
      "SECTION_FILTER": "Filtrer par rubrique"
    },
    "SUBSCRIPTIONS": {
      "OR": "- ou -",
      "PWA": "POIDS",
      "APP_COUNT": "Applications",
      "BUTTON_YEAR": "/an",
      "SECTION_HEADER": "Page d'abonnement",
      "BUTTON_MONTH": "/ mois",
      "ANDROID": "Android",
      "TITLE": "Choisissez votre plan tarifaire",
      "YOU_SAVE": "Vous sauvegardez",
      "IOS": "iOS",
      "DISK_SIZE": "Taille du disque",
      "SUBSCRIBE": "S'abonner",
      "MONTHLY_PLANS": "Forfaits mensuels",
      "ANNUAL_PLANS": "Forfaits annuels"
    },
    "ACTIVITY_LOG": {
      "SECTION_HEADER": "Journal d'activité",
      "CREATE_NEW_USER": "Nouvel utilisateur enregistré",
      "TITLE_TEXT": "Affichage du journal d'activité",
      "MANAGER_DELETED": "Gestionnaire supprimé",
      "CREATE_NEW_APP": "Nouvelle candidature enregistrée",
      "CHANGE_TARIFF": "Changement tarifaire",
      "TITLE": "Journal d'activité"
    },
    "FAVICON_EDIT": {
      "TITLE": "Chargement de favicon.ico",
      "FAVICON_IMAGE_FORMAT": "Format d'image utilisé : 16x16px avec résolution ICO",
      "YOU_CAN_UPLOAD_NEW_IMAGE": "Ci-dessous, vous pouvez télécharger une nouvelle image",
      "TITLE_TEXT": "Vous pouvez télécharger votre favicon.ico",
      "SECTION_HEADER": "Chargement de favicon.ico",
      "NOW_USE_THIS_IMAGE": "Cette image est actuellement utilisée"
    },
    "SETTINGS_SDK": {
      "INSTALL_SDK": "Installer le SDK requis",
      "INSTALL_SDK_TEXT": "Installation des SDK nécessaires pour générer correctement Android AAB et IOS IPA",
      "TITLE": "Télécharger le SDK",
      "SECTION_HEADER": "SDK de téléchargement de pages",
      "TITLE_TEXT": "Téléchargez le SDK et les outils pour la création d'applications",
      "SDK": "SDK",
      "VERSION": "Version",
      "STATUS": "Statut"
    },
    "SETTINGS_SYSTEM": {
      "DOMEN_FIELD": "Doman (par exemple example.com)",
      "TITLE_TEXT": "Vous pouvez modifier les paramètres système de notre plateforme",
      "EMAIL_FIELD": "E-mail (par exemple appcreator@example.com)",
      "TITLE": "Les paramètres du système",
      "SECTION_HEADER": "Paramètres de la page système",
      "OWNER_FIELD": "Nom d'utilisateur système (par exemple Super utilisateur)"
    },
    "FORGOTTEN_PASSWORD": {
      "SECTION_HEADER": "Page Restaurer le mot de passe",
      "RECOVERY_MESSAGE_SENT": "Message avec instruction de \"récupération\"<br /> a été envoyé<br />",
      "EMAIL_DETAIL_INCORRECT": "Le détail de l'e-mail est incorrect",
      "EMAIL_IS_INCORRECT": "L'e-mail est correct !",
      "OK_GOT_IT": "D'accord, j'ai compris !",
      "ENTER_EMAIL_TO_RESET": "Entrez votre e-mail pour réinitialiser votre mot de passe",
      "FORGOTTEN_PASSWORD?": "Mot de passe oublié?"
    },
    "CONSTRUCTOR": {
      "PREVIEW_TABLET": "Tablette",
      "PREVIEW": "Aperçu",
      "PREVIEW_PHONE": "Téléphone intelligent"
    },
    "SETTINGS_META": {
      "TITLE": "Paramètres META et Description",
      "TITLE_TEXT": "Vous pouvez modifier META et Description de notre plateforme",
      "DESCRIPTION_FIELD": "Entrer dans la page DESCRIPTION",
      "SECTION_HEADER": "Page des paramètres de données META",
      "TITLE_FIELD": "Entrer dans la page TITRE"
    },
    "PAYMENT_GATEWAYS": {
      "ENTRY_PRICE_ID": "Entrez l'ID de prix Stripe",
      "SECTION_HEADER": "Systèmes de paiement",
      "TITLE": "Systèmes de paiement",
      "MONTHLY_TEXT": "Souscription mensuelle",
      "YEARLY_TEXT": "souscription annuelle",
      "STRIPE": "BANDE",
      "PAYPAL_TEXT": "Paramètres PAYPAL",
      "STRIPE_TEXT": "Paramètres de bande",
      "PAYPAL": "PAY PAL",
      "SOMETHING_LIKE": "Quelque chose comme",
      "STRIPE_TARIF_TEXT": "Identifiants de prix pour les tarifs",
      "PAYMENT_SYSTEMS": "Systèmes de paiement"
    }
  },
  "STATIC_PAGE": {
    "CONTACT_US": "Contactez-nous",
    "STATIC_PAGES": "Pages statiques",
    "TEMPLATE_APP_PRIVACY_HEADER": "Modèle de confidentialité des applications pour Google Play et Apple Store",
    "TERMS": "termes",
    "TEXT_NOT_UPDATED": "Texte non mis à jour",
    "LIST_MACROS": "Liste des macros disponibles",
    "CHANGE_TEXT_THIS_ARTICLE": "Modifier le texte de cet article",
    "CONTACT_US_HEADER": "Contactez-nous",
    "PRIVACY": "Vie privée",
    "TERMS_HEADER": "termes",
    "SECTION_HEADER": "Pages statiques",
    "TEXT_UPDATED": "Texte mis à jour",
    "PRIVACY_HEADER": "Vie privée"
  },
  "DASHBOARD": {
    "MY_APPLICATIONS": "mes applications",
    "CHANGE_PLAN": "Changement",
    "NO_APPS_FOUND": "Aucune application trouvée",
    "APP_COPIED": "Demande copiée",
    "NO_MANAGERS": "Aucun gestionnaire",
    "SEARCH_TEXT": "Trouvez votre application dans la liste ci-dessous ou créez-en une nouvelle",
    "MANAGER_DELETED": "Gestionnaire supprimé",
    "REGISTRATIONS": "Inscriptions",
    "MANAGER_FORM": {
      "EDIT_TITLE": "Modifier le gestionnaire",
      "NAME": "Nom",
      "EMAIL": "E-mail",
      "PREDEFINED_AVATAR": "Choisissez l'avatar dans la liste",
      "ADD_TITLE": "Ajouter un gestionnaire",
      "AVATAR_REQUIRED": "Vous devez sélectionner un avatar",
      "AVATAR": "Avatar",
      "APPLICATIONS_ACCESS": "Accès aux applications",
      "CONFIRM_PASSWORD": "Confirmez le mot de passe",
      "ALLOWED_FILE_TYPES": "Types de fichiers autorisés : png, jpg, jpeg.",
      "LASTNAME": "Nom de famille",
      "PASSWORD": "Mot de passe"
    },
    "BLOCKED": "Bloqué",
    "RETURN_TO_BACK": "Retourner",
    "OF": "de",
    "REGISTRATIONS_30_DAYS": "Inscriptions des utilisateurs des 30 derniers jours",
    "SECTION_HEADER": "Tableau de bord",
    "CREATE_APP_BUTTON": "Créer",
    "MANAGERS": "Vos gestionnaires",
    "CURRENT_PLAN": "Plan actuel",
    "ADD_MANAGER": "Ajouter un gestionnaire",
    "SEARCH": "Recherche par nom...",
    "TOO_MUCH_APPLICATIONS": "Plus d'applications que le tarif ne le permet",
    "NEW_VERSION": "Une nouvelle version est disponible",
    "CREATE_BUTTON_TEXT": "Cliquez ci-dessous pour créer une application",
    "SEARCH_TEXT_MANAGER": "Trouvez votre application dans la liste ci-dessous. Contactez votre administrateur pour ajouter une nouvelle application à la liste.",
    "TODAY_CUSTOMERS": "Utilisateurs aujourd'hui",
    "CUSTOMER_DASHBOARD_TITLE": "Vos candidatures",
    "NO_APPS_TEXT": "Mais vous pouvez créer une application en seulement 3 étapes ! Cliquez simplement sur le bouton ci-dessous, entrez un nom et choisissez un modèle. Nous ferons le reste.",
    "MANAGER_DASHBOARD_TITLE": "Vos candidatures",
    "CREATE_FIRST_APP_BUTTON": "Créez votre première application",
    "BUILD_QUEUE": "Créer une file d'attente",
    "CAME_TO_LINK_DOWNLOAD": "Suivez le lien pour installer.",
    "PAYMENTS": "Paiement",
    "ARE_YOU_SURE": "Êtes-vous sûr",
    "NO_APPS": "Vous n'avez aucune candidature",
    "TOTAL_CUSTOMERS": "Nombre total d'utilisateurs",
    "PAYED_30_DAYS": "Payé par mois",
    "TOTAL_APPS": "Applications",
    "CREATE_APP_HEADER": "Créer une application",
    "BLOCKED_CUSTOMERS": "Utilisateurs bloqués",
    "APPLICATIONS": "Applications",
    "ALL_APPLICATIONS": "Toutes les candidatures",
    "COPY": "Copie",
    "MANAGER_NOT_DELETED": "Gestionnaire non supprimé",
    "DISABLED": "Désactivé",
    "DASHBOARD_TITLE": "Tableau de bord"
  },
  "GENERAL": {
    "LANGUAGES": {
      "SAVE": "sauvegarder",
      "YES": "Oui",
      "CANCEL_SUBSCRIPTION": "Annuler l'abonnement",
      "APPLY": "Appliquer",
      "ENABLE": "Permettre",
      "PREVIOUS": "Précédent",
      "en": "Anglais",
      "ARE_YOU_SURE": "Êtes-vous sûr?",
      "CANCEL": "Annuler",
      "SEARCH": "Rechercher",
      "ADD": "Ajouter",
      "PAGINATION": "Page %page sur %total",
      "COME_BACK": "Revenir",
      "NEWS": "Nouvelles",
      "SECTION_HEADER": "Général",
      "HI": "salut",
      "CHANGES_NOT_SAVED": "Une erreur s'est produite lors de l'enregistrement",
      "NO": "Non",
      "FORM_NOT_FILL": "Cochez le champ requis.",
      "DELETE": "Supprimer",
      "CHOOSE_FILE": "Choisir le fichier",
      "RETURN": "Retourner",
      "CHANGES_SAVED": "Changements sauvegardés",
      "CHOOSE": "Choisir",
      "BACK": "Arrière",
      "ITMS_PER_PAGE": "objets par page",
      "UNSUBSCRIBE": "Se désabonner",
      "DEACTIVATE_YOUR_ACCOUNT": "Désactiver votre compte",
      "RESET": "Réinitialiser",
      "DISABLE": "Désactiver",
      "CLOSE": "Fermer",
      "OPEN": "Ouvrir",
      "ru": "russe",
      "NEXT_STEP": "L'étape suivante",
      "EDIT": "Éditer",
      "SUBMIT": "Nous faire parvenir",
      "CONFIRM": "Confirmer",
      "SAVE_CHANGES": "Sauvegarder les modifications",
      "PLEASE_WAIT": "S'il vous plaît, attendez....."
    }
  },
  "IMAGE": {
    "CROPPER": {
      "FLIP_VETICAL": "Retourner verticalement",
      "ROTATE_OPERATIONS": "Opérations",
      "ORIGINAL_IMAGE": "Image originale",
      "CROPED_IMAGE": "Image du résultat",
      "ALLOWED_FILE_TYPES": "Types de fichiers disponibles : png, jpg, jpeg.",
      "SECTION_HEADER": "Fenêtre de téléchargement d'images",
      "CONTAIN_WITHIN_ASPECT_RATIO": "Contenir dans les proportions",
      "FLIP_HORIZONTAL": "Retourner horizontalement",
      "FILL_ASPECT_RATIO": "Remplir les proportions",
      "CHANGE_IMAGE": "Changement",
      "CANCEL": "Annuler",
      "ROTATE_LEFT": "Tournez à gauche",
      "ROTATE_RIGHT": "Tournez à droite",
      "READY": "d'accord",
      "RESET_IMAGE": "Réinitialiser",
      "TITLE": "Télécharger une image"
    }
  },
  "EDIT": {
    "USER": {
      "CUSTOMER_INFO": "informations concernant le client",
      "APPLICATION_CONFIRM_ACTIVATED": "Êtes-vous sûr de vouloir activer cette application",
      "MANAGER_FORM": {
        "EDIT_TITLE": "Modifier le gestionnaire",
        "CONFIRM_PASSWORD": "Confirmez le mot de passe",
        "LASTNAME": "Nom de famille",
        "PASSWORD": "Mot de passe",
        "PREDEFINED_AVATAR": "Choisissez l'avatar dans la liste",
        "NAME": "Nom",
        "ADD_TITLE": "Ajouter un gestionnaire",
        "AVATAR_REQUIRED": "Vous devez sélectionner un avatar",
        "APPLICATIONS_ACCESS": "Accès aux applications",
        "AVATAR": "Avatar",
        "ALLOWED_FILE_TYPES": "Types de fichiers autorisés : png, jpg, jpeg.",
        "EMAIL": "E-mail"
      },
      "MANAGERS": "Gestionnaires",
      "CONFIRM_PASSWORD": "Confirmez le mot de passe",
      "APPLICATION_ACTIVATED_TOAST": "Application activée",
      "APPLICATION_BLOCKED": "Bloqué",
      "NEW_PASSWORD": "nouveau mot de passe",
      "SECURITY": "Sécurité",
      "NO_MANAGERS": "Aucun gestionnaire",
      "APPLICATIONS": "Applications",
      "APPLICATION_USED_OF": "de",
      "COUNTRY": "De campagne",
      "MANAGER_DELETED": "Gestionnaire supprimé",
      "EMAIL_ADDRESS": "Adresse e-mail",
      "TITLE": "Profil de l'utilisateur",
      "EMAIL": "E-mail",
      "PASSWORD_CONFIRMATION_ENTERED_CORRECT": "La confirmation du mot de passe a été saisie correctement",
      "COMPANY_NAME": "Nom de l'entreprise",
      "EMAIL_WILL_NOT_BE_PUBLICLY_DISPLAYED": "Le courriel ne sera pas afficher publiquement",
      "CHANGE_ACCOUNT_PASSWORD": "changer le mot de passe du compte",
      "CONTACT_INFO": "Informations de contact",
      "LEARN_MORE": "Apprendre encore plus",
      "MANAGERS_TITLE": "Liste des gestionnaires de clientèle",
      "ALLOWED_FILE_TYPES": "Types de fichiers autorisés : png, jpg, jpeg.",
      "PHONE": "Téléphoner",
      "UPDATE_PERSONAL_INFORMATION": "Mettre à jour les informations personnelles",
      "MANAGER_NOT_DELETED": "Gestionnaire non supprimé",
      "DEACTIVATE_ACCOUNT": "Désactiver le compte",
      "PASSWORD_CHANGED": "Mot de passe changé",
      "LOCATION": "Lieu",
      "APPLICATIONS_TITLE": "Liste de toutes les applications de cet utilisateur",
      "TO_PROFILE": "Au profil",
      "APPLICATION_CONFIRM_DELETED": "Êtes-vous sûr de vouloir supprimer cette application",
      "ACCOUNT_BLOCKED": "Compte bloqué",
      "CHANGE_PASSWORD": "Changer le mot de passe",
      "APPLICATION_CONFIRM_DISABLED": "Êtes-vous sûr de vouloir bloquer cette application",
      "SECTION_HEADER": "Modifier le profil utilisateur",
      "APPLICATION_DELETED_TOAST": "Candidature supprimée",
      "CHANGE_ACCOUNT_SETTINGS": "Modifier les paramètres du compte",
      "ADDRESS": "Adresse",
      "ACCOUNT": "Compte",
      "NAME": "Nom",
      "CURRENT_PASSWORD": "Mot de passe actuel",
      "FILL_REQUIRED_FIELDS": "Remplir le champ obligatoire",
      "CURRENT_PASSWORD_WAS_ENTERED_CORRECT": "Le mot de passe actuel a été saisi correctement",
      "LANGUAGE": "Langue",
      "APPLICATION_ACTIVE": "actif",
      "LASTNAME": "Nom de famille",
      "CONTACT_PHONE": "Numéro du contact",
      "PREDEFINED_AVATAR": "Choisissez l'avatar dans la liste",
      "CHANGES_SAVED": "Changements sauvegardés",
      "ACCOUNT_INFORMATION": "Information sur le compte",
      "PASSWORD_NOT_CHANGED": "Mot de passe non modifié",
      "VERIFY_PASSWORD": "vérifier le mot de passe",
      "ADD_MANAGER": "Ajouter un gestionnaire",
      "PERSONAL_INFORMATION": "Renseignements personnels",
      "APPLICATION_BLOCKED_TOAST": "Application bloquée",
      "AVATAR": "Avatar",
      "ERROR_REQUEST_TOAST": "Action: échoué"
    }
  },
  "MENU": {
    "NEWS": "Gérer les actualités",
    "SECTION_HEADER": "Menu de gauche",
    "LANGUAGES": "Langues",
    "FAVICON_EDIT": "Modifier favicon.ico",
    "PAYMENTS": "Paiements",
    "SETUP_BUILD": "Téléchargement du SDK",
    "SYSTEM_SECTION": "Système",
    "USERS_REGISTRATIONS": "Enregistrement des utilisateurs",
    "CURRENCIES": "Monnaie",
    "MAIL_SETTINGS": "Paramètres de messagerie",
    "TARIFS": "Tarifs",
    "EVENTS": "Événements système",
    "APPS": "Applications de foule",
    "MARKETPLACE": "Mises à jour et modules",
    "TARIFS_TRIAL": "Paramètres de la période d'essai",
    "BRAND_AND_LOGO": "l'image de marque",
    "DOMAIN": "Paramètres du domaine",
    "MAIL_TEMPLATES": "Modèles de courrier",
    "USER_REGISTRATIONS": "Inscriptions des utilisateurs",
    "DASHBOARD": "Tableau de bord",
    "LAW_SETTINGS": "Paramètres d'informations juridiques",
    "REPORTS": "Rapports",
    "PAYMENT_REPORT": "Rapport de paiement",
    "SYSTEM_SETTINGS": "Les paramètres du système",
    "USERS": "Les clients",
    "LOCALIZATION_SECTION": "Localisation",
    "PAY_SYSTEMS": "Systèmes de paiement",
    "META": "META données",
    "TRANSLATIONS": "Traductions",
    "ACTIVITY_LOG": "Journal d'activité",
    "SMTP": "Identifiants SMTP",
    "FINANCE": "La finance"
  },
  "CREATE": {
    "APP": {
      "APPLICATION_CREATED": "Application créée",
      "ICON_COMMENT": "Format d'image png avec une résolution de 1024 par 1024",
      "BAD_PNG": "Mauvaise icône",
      "SECTION_HEADER": "Créer un formulaire de candidature",
      "SETUP_UP_DETAILS": "Configurez les paramètres de votre application",
      "CHOOSE_TEMPLATE": "Choisir le modèle",
      "APP_SETTINGS": "Paramètres de l'application",
      "NAME": "Nom de l'application",
      "PLATFORM_REQUIRED": "Une ou plusieurs plateformes requises",
      "DESCRIPTION": "La description",
      "DUPLICATE_NAME": "L'application portant ce nom existe déjà",
      "CONTAINS_SPAM_WORD_IN_NAME": "Contient un mot de spam dans le nom de l'application",
      "TEMPLATE": "Modèle",
      "ICON": "Icône de l'application",
      "CREATE_APP": "Créer une demande",
      "ICON_REQUIRED": "Icône requise",
      "DESCRIPTION_REQUIRED": "Descriptif requis",
      "INCORRECT_DATA": "Échec de la création de l'application",
      "PLATFORM": "Plateformes",
      "NAME_REQUIRED": "La longueur du nom de l'application doit être comprise entre 6 et 36 caractères sans caractères spéciaux",
      "CHOOSE_PLATFORM": "Choisissez la plate-forme"
    }
  },
  "PROFILE": {
    "FULL": {
      "ACCOUNT_BLOCKED": "Compte bloqué",
      "EMAIL_WILL_NOT_BE_PUBLICLY_DISPLAYED": "Le courriel ne sera pas afficher publiquement",
      "COMPANY_NAME": "Nom de l'entreprise",
      "CURRENT_PASSWORD": "Mot de passe actuel",
      "LANGUAGE": "Langue",
      "CHANGE_PASSWORD": "Changer le mot de passe",
      "CONTACT_PHONE": "Numéro du contact",
      "EMAIL_ADDRESS": "Adresse e-mail",
      "NEW_PASSWORD": "nouveau mot de passe",
      "CHANGE_TARIF": "Modifier le tarif",
      "MONTH": "mois",
      "CURRENT_PASSWORD_WAS_ENTERED_CORRECT": "Le mot de passe actuel a été saisi correctement",
      "CONTACT_INFO": "Informations de contact",
      "ALLOWED_FILE_TYPES": "Types de fichiers autorisés : png, jpg, jpeg.",
      "LEARN_MORE": "Apprendre encore plus",
      "VERIFY_PASSWORD": "vérifier le mot de passe",
      "AVATAR": "Avatar",
      "CHANGES_SAVED": "Changements sauvegardés",
      "UPDATE_YOUR_PERSONAL_INFORMATION": "Mettre à jour vos informations personnelles",
      "FILL_REQUIRED_FIELDS": "Remplir le champ obligatoire",
      "COUNTRY": "De campagne",
      "PASSWORD_CONFIRMATION_ENTERED_CORRECT": "La confirmation du mot de passe a été saisie correctement",
      "NAME": "Nom",
      "ADDRESS": "Adresse",
      "TARIF_ARCHIVE": "Archiver",
      "ARE_YOU_SURE": "Êtes-vous sûr",
      "PHONE": "Téléphoner",
      "LASTNAME": "Nom de famille",
      "CONFIRM_PASSWORD": "Confirmez le mot de passe",
      "CHANGE_YOUR_ACCOUNT_PASSWORD": "Modifier le mot de passe de votre compte",
      "CHANGE_TARIF_TEXT": "Vous pouvez modifier votre plan tarifaire",
      "YEAR": "an",
      "EMAIL": "E-mail",
      "SECURITY": "Sécurité",
      "LOCATION": "Lieu",
      "CHANGE_YOUR_ACCOUNT_SETTINGS": "Modifier les paramètres de votre compte",
      "PREDEFINED_AVATAR": "Choisissez l'avatar dans la liste",
      "SECTION_HEADER": "Page de profil utilisateur",
      "PERSONAL_INFORMATION": "Renseignements personnels",
      "CUSTOMER_INFO": "informations concernant le client",
      "ACCOUNT_INFORMATION": "Information sur le compte",
      "PASSWORD_CHANGED": "Mot de passe changé",
      "ACCOUNT": "Compte",
      "TARIF_CURRENT": "Courant",
      "PASSWORD_NOT_CHANGED": "Mot de passe non modifié"
    },
    "TOP": {
      "MY_PROFILE": "Mon profil",
      "SIGN_OUT": "Se déconnecter",
      "MY_PROFILE_INFO": "Paramètres du compte et plus",
      "SECTION_HEADER": "Menu principal du profil"
    }
  },
  "ERROR": {
    "MESSAGES": {
      "Confirm Password should have maximum 100 symbols": "Confirmer le mot de passe doit contenir au maximum 100 symboles",
      "Confirm Password should have at least 3 symbols": "Confirmer le mot de passe doit comporter au moins 3 symboles",
      "EMAIL_NOT_FOUND": "Cet e-mail est introuvable",
      "Confirm password is required": "Confirmer le mot de passe est requis",
      "Email is required": "L'e-mail est requis",
      "Email should have maximum 360 symbols": "L'e-mail doit avoir un maximum de 360 symboles",
      "Fullname is required": "Le nom complet est requis",
      "ENTER_EMAIL_CODE_CONFIRM": "Entrez le code de confirmation",
      "PASSWORDS_DIDNT_MATCH": "'Mot de passe' et 'Confirmer le mot de passe' ne correspondent pas",
      "Password should have at least 3 symbols": "Le mot de passe doit comporter au moins 3 symboles",
      "Password is required": "Mot de passe requis",
      "Fullname should have at least 3 symbols": "Le nom complet doit comporter au moins 3 symboles",
      "Password should have maximum 100 symbols": "Le mot de passe doit contenir au maximum 100 symboles",
      "USER_NOT_FOUND": "Utilisateur avec cet e-mail et ce mot de passe introuvable",
      "WRONG_PASSWORD": "Mauvais mot de passe",
      "REQUEST_ERROR": "Erreur de données de demande",
      "Email should have at least 3 symbols": "L'e-mail doit comporter au moins 3 symboles",
      "INCORRECT_CODE": "code incorrect",
      "NEW_PASSWORD_SEND_TO_EMAIL": "Nouveau mot de passe envoyé à votre e-mail",
      "EMAIL_ALREADY_EXISTS": "Utilisateur avec ce courriel existe déjà",
      "SECTION_HEADER": "Messages d'erreur",
      "SESSION_EXPIRED": "La session en cours a expiré.",
      "Email is invalid": "Le courriel est invalide",
      "Fullname should have maximum 100 symbols": "Le nom complet doit contenir au maximum 100 symboles"
    }
  },
  "GALLERY": {
    "ADOBE_SELECT_LIB": "Bibliothèque sélectionnée",
    "ADOBE_SELECTED_ELEMENTS": "Éléments sélectionnés",
    "SECTION_HEADER": "Gérer la boîte de dialogue de la galerie",
    "SELECT": "Sélectionner",
    "MY_IMAGES": "Mes photos",
    "UPLOAD_FILES": "Télécharger des fichiers",
    "LOCAL_DISK": "Disque local",
    "TITLE": "Galerie d'images",
    "ADOBE_SELECT_ELEMENTS": "Sélectionner"
  },
  "MOBILE": {
    "TITLE": "Traductions dans la partie mobile",
    "CHANGE_LANGUAGE": "Changer de langue pour",
    "MENU_TITLE": "Menu",
    "START_LOADING_TEXT": "Chargement...",
    "CANCEL": "Annuler",
    "NETWORK_ERROR_RETRY": "Réessayez.",
    "NETWORK_ERROR": "Erreur réseau.",
    "TITLE_TEXT": "Vous pouvez modifier la traduction de l'application mobile",
    "APPLICATION_BLOCKED": "Application bloquée"
  },
  "COMPONENTS": {
    "LISTS": "Listes",
    "SIMPLE_DESCRIPTION": "Composants simples - boutons, texte, image, formes",
    "SIMPLE": "Simple",
    "DATABASE": "Bases de données",
    "MISC": "Divers",
    "LISTS_DESCRIPTION": "Liste de lignes, liste de cartes et autres listes",
    "PROFILE_DESCRIPTION": "Composants du profil utilisateur",
    "BUTTONS_DESCRIPTION": "Plus de boutons...",
    "DATABASE_DESCRIPTION": "Listes, formulaire, galerie et autres",
    "HEADERS_DESCRIPTION": "En-têtes et pieds de page",
    "MISC_DESCRIPTION": "Composants divers",
    "BUTTONS": "Boutons",
    "TEXTS": "Texte",
    "TEXTS_DESCRIPTION": "Données textuelles uniques",
    "HEADERS": "En-têtes et pieds de page",
    "PROFILE": "Profil de l'utilisateur",
    "SECTION_HEADER": "Panneau latéral gauche avec pages et composants"
  },
  "MAIL": {
    "TEMPLATE": {
      "MAIL_REGISTRATION_TEMPLATE": "",
      "LIST_MACROS": "Liste des macros disponibles",
      "CHANGE_TEXT_MAIL_TEMPLATE": "Modifier le modèle de courrier",
      "TEMPLATE_NOT_UPDATED": "Modèle non mis à jour",
      "SECTION_HEADER": "Page des modèles de courrier",
      "MAIL_RESTORE_PASSWORD_TEMPLATE_HEADER": "Récupération de mot de passe",
      "TEMPLATE_UPDATED": "Modèle mis à jour",
      "MAIL_TEMPLATES": "Modèles de courrier",
      "MAIL_REGISTRATION_TEMPLATE_HEADER": "Enregistrement de l'utilisateur",
      "MAIL_RESTORE_PASSWORD_TEMPLATE": ""
    }
  },
  "NOTIFICATION": {
    "DROPDOWN": {
      "NONEWALERTS": "Aucune nouvelle alerte",
      "NONEWEVENTS": "Aucun nouvel événement",
      "NEWS": "Nouvelles",
      "USERNOTIFICATIONS": "Notifications utilisateur",
      "SECTION_HEADER": "Menu déroulant de notification interne",
      "ALERTS": "Alertes",
      "LOGS": "Journaux",
      "EVENTS": "Événements",
      "NONEWNOTIFY": "Tous pris!",
      "NONEWLOGS": "Aucun nouveau journal",
      "SEEALL": "Voir tout"
    }
  },
  "PREVIEW": {
    "SOURCE_IS_OK": "Codes sources à jour.",
    "WAITING": "Attendez s'il vous plait..",
    "SOURCE_IS_WAITING": "Mise à jour, veuillez patienter..."
  },
  "ACTIVITY_LOG": {
    "CREATE_NEW_USER": "Nouvel utilisateur créé",
    "CREATE_NEW_APP": "Nouvelle application créée"
  }
}